rank,population
1,8405837
2,3884307
3,2718782
4,2195914
5,1553165
6,1513367
7,1409019
8,1355896
9,1257676
10,998537
11,885400
12,843393
13,842583
14,837442
15,822553
16,792862
17,792727
18,688701
19,674433
20,653450
21,652405
22,649495
23,646449
24,645966
25,634464
26,622104
27,610613
28,609893
29,609456
30,603488
31,599164
32,556495
33,526116
34,509924
35,479686
36,469428
37,467007
38,457587
39,448479
40,447841
41,439886
42,434353
43,431746
44,417650
45,406253
46,400070
47,398121
48,390113
49,386552
50,379577
51,378715
52,363630
53,352957
54,347884
55,345803
56,345012
57,334227
58,318416
59,316619
60,316381
61,308428
62,305841
63,300950
64,298118
65,297517
66,294873
67,282313
68,279639
69,278427
70,274409
71,270811
72,268738
73,258959
74,257342
75,256780
76,256496
77,255483
78,249688
79,249146
80,248142
81,246139
82,245475
83,243344
84,239538
85,236716
86,236441
87,234632
88,234566
89,233394
90,233294
91,230571
92,229972
93,229426
94,228653
95,226918
96,226877
97,224922
98,214237
99,214114
100,213708
101,212113
102,210721
103,210358
104,207510
105,204933
106,204408
107,203446
108,203007
109,203003
110,202824
111,201332
112,201175
113,200327
114,199963
115,199766
116,198100
117,197575
118,197357
119,197350
120,196429
121,196021
122,194899
123,192294
124,191180
125,186411
126,186254
127,183372
128,183270
129,182544
130,182020
131,181860
132,181260
133,179590
134,177994
135,175140
136,173366
137,172794
138,172638
139,172389
140,171990
141,171386
142,171016
143,168228
144,167500
145,167405
146,165831
147,164676
148,164122
149,162592
150,162329
151,161007
152,160614
153,159523
154,159503
155,159190
156,157161
157,155662
158,153703
159,152735
160,152061
161,151574
162,151348
163,151088
164,150251
165,148892
166,148738
167,148559
168,148483
169,147806
170,147559
171,147478
172,147216
173,147214
174,146526
175,145948
176,144864
177,144669
178,143484
179,143355
180,142772
181,142357
182,139969
183,139731
184,138981
185,137147
186,136791
187,136699
188,136639
189,134873
190,133992
191,133579
192,133358
193,131885
194,131224
195,130660
196,130288
197,129030
198,128731
199,128429
200,127999
201,127763
202,127679
203,127558
204,127488
205,127359
206,127035
207,126700
208,126604
209,126456
210,126181
211,125880
212,125017
213,124435
214,124276
215,123933
216,123546
217,123099
218,121096
219,120310
220,120245
221,120099
222,119980
223,118837
224,118577
225,118197
226,117796
227,117240
228,117044
229,117025
230,117006
231,116768
232,116513
233,116288
234,115708
235,115276
236,113972
237,113658
238,113242
239,112174
240,112067
241,111707
242,111542
243,111378
244,110972
245,110945
246,110742
247,110720
248,110378
249,110145
250,110077
251,109821
252,109703
253,109676
254,109397
255,109320
256,109059
257,108861
258,108817
259,108249
260,107741
261,107740
262,107571
263,107479
264,107289
265,107100
266,106780
267,106589
268,106114
269,105370
270,104898
271,104898
272,104779
273,104739
274,104709
275,104475
276,104410
277,104054
278,103500
279,103166
280,102436
281,102216
282,102211
283,102157
284,101910
285,101324
286,101128
287,101074
288,100886
289,100710
290,100671
291,100223
292,100065
293,100050
294,99889
295,99770
296,99769
297,99763
298,98465
299,98424
300,98030
301,97877
302,97492
303,97368
304,97151
305,97003
306,96929
307,96830
308,96539
309,96346
310,96205
311,95884
312,95677
313,95334
314,95208
315,95078
316,94275
317,94089
318,94034
319,93542
320,93494
321,93282
322,93257
323,93184
324,92734
325,92599
326,92472
327,92147
328,92020
329,91956
330,91923
331,91739
332,91648
333,91589
334,91119
335,91113
336,91026
337,90983
338,90811
339,90412
340,90268
341,90231
342,90116
343,89981
344,89919
345,89407
346,89387
347,89130
348,88826
349,88697
350,88077
351,87971
352,87965
353,87893
354,87776
355,87650
356,87273
357,87236
358,87137
359,87004
360,86635
361,86518
362,86319
363,86290
364,86199
365,86128
366,85927
367,85728
368,85390
369,85285
370,85156
371,84691
372,84577
373,84430
374,84349
375,84249
376,84126
377,84103
378,83891
379,83860
380,83684
381,83596
382,83539
383,83506
384,83447
385,83424
386,82882
387,82821
388,82809
389,82788
390,82631
391,82578
392,82575
393,82459
394,81971
395,81750
396,81443
397,81295
398,81236
399,81121
400,81102
401,81050
402,80988
403,80872
404,80836
405,80566
406,80429
407,79446
408,79312
409,79068
410,78967
411,78960
412,78902
413,78822
414,78804
415,78740
416,78709
417,78450
418,78409
419,78373
420,78327
421,78199
422,78041
423,78014
424,77846
425,77677
426,77657
427,77593
428,77508
429,77147
430,76903
431,76817
432,76762
433,76635
434,76572
435,76419
436,76185
437,75994
438,75806
439,75570
440,75548
441,75418
442,75413
443,75229
444,75018
445,74907
446,74885
447,74860
448,74710
449,74513
450,74110
451,74100
452,74024
453,73987
454,73936
455,73790
456,73596
457,73209
458,73098
459,73006
460,72952
461,72939
462,72864
463,72535
464,72531
465,72528
466,72326
467,71948
468,71591
469,71551
470,71525
471,71371
472,71334
473,71172
474,71097
475,71016
476,71012
477,70924
478,70868
479,70812
480,70790
481,70373
482,70365
483,70316
484,70190
485,70185
486,69999
487,69976
488,69813
489,69783
490,69350
491,69122
492,69103
493,69079
494,68886
495,68667
496,68609
497,68388
498,68366
499,68247
500,68224
501,68190
502,68001
503,67911
504,67815
505,67685
506,67599
507,67569
508,67545
509,67317
510,67034
511,67032
512,66975
513,66900
514,66893
515,66778
516,66695
517,66642
518,66333
519,66318
520,66297
521,66205
522,66174
523,66086
524,66075
525,65902
526,65690
527,65665
528,65656
529,65453
530,65416
531,65415
532,65184
533,65176
534,65173
535,65123
536,65098
537,65040
538,65028
539,64652
540,64544
541,64323
542,64079
543,64072
544,64072
545,63820
546,63816
547,63771
548,63710
549,63495
550,63338
551,63279
552,63269
553,63155
554,63105
555,63032
556,62864
557,62603
558,62448
559,62316
560,62298
561,62258
562,62227
563,62103
564,62088
565,61969
566,61817
567,61808
568,61792
569,61653
570,61588
571,61488
572,61434
573,61397
574,61255
575,61238
576,61170
577,61085
578,61050
579,61025
580,61007
581,60872
582,60697
583,60568
584,60519
585,60509
586,60456
587,60407
588,60202
589,60189
590,60177
591,60112
592,60070
593,59957
594,59887
595,59834
596,59778
597,59738
598,59635
599,59628
600,59471
601,59440
602,59366
603,59357
604,59351
605,59325
606,59212
607,59097
608,59089
609,58994
610,58946
611,58918
612,58879
613,58642
614,58590
615,58582
616,58562
617,58416
618,58414
619,58298
620,58292
621,58253
622,58226
623,58043
624,57960
625,57866
626,57639
627,57530
628,57525
629,57468
630,57282
631,57203
632,57170
633,57073
634,56954
635,56895
636,56792
637,56759
638,56758
639,56756
640,56707
641,56683
642,56620
643,56590
644,56540
645,56481
646,56449
647,56143
648,56105
649,56069
650,56002
651,55870
652,55831
653,55816
654,55717
655,55670
656,55456
657,55419
658,55361
659,55298
660,55191
661,55174
662,55046
663,55000
664,54980
665,54932
666,54898
667,54842
668,54790
669,54771
670,54686
671,54664
672,54561
673,54382
674,54350
675,54291
676,54194
677,54135
678,54080
679,54076
680,54068
681,53956
682,53756
683,53752
684,53665
685,53663
686,53648
687,53438
688,53326
689,53294
690,53243
691,53224
692,53063
693,52977
694,52962
695,52844
696,52703
697,52575
698,52536
699,52477
700,52413
701,52403
702,52398
703,52363
704,52206
705,52122
706,52105
707,52066
708,52044
709,51982
710,51848
711,51763
712,51701
713,51644
714,51583
715,51567
716,51522
717,51510
718,51483
719,51395
720,51368
721,51265
722,51143
723,51074
724,50997
725,50821
726,50789
727,50725
728,50699
729,50603
730,50588
731,50550
732,50508
733,50458
734,50444
735,50344
736,50303
737,50233
738,50213
739,50201
740,50195
741,50175
742,50169
743,50111
744,49998
745,49974
746,49891
747,49858
748,49799
749,49761
750,49707
751,49670
752,49631
753,49628
754,49468
755,49417
756,49376
757,49267
758,49228
759,49188
760,49177
761,49133
762,49087
763,48957
764,48913
765,48733
766,48725
767,48630
768,48612
769,48611
770,48608
771,48592
772,48554
773,48514
774,48508
775,48426
776,48338
777,48139
778,47989
779,47846
780,47842
781,47777
782,47749
783,47673
784,47591
785,47556
786,47555
787,47547
788,47523
789,47411
790,47333
791,47333
792,47186
793,47149
794,47135
795,47134
796,46979
797,46714
798,46663
799,46454
800,46444
801,46402
802,46377
803,46321
804,46281
805,46094
806,46081
807,46074
808,45981
809,45929
810,45851
811,45799
812,45796
813,45775
814,45712
815,45587
816,45556
817,45508
818,45426
819,45417
820,45394
821,45285
822,45237
823,45129
824,44919
825,44820
826,44730
827,44641
828,44575
829,44412
830,44359
831,44349
832,44275
833,44206
834,44113
835,44096
836,44057
837,43935
838,43907
839,43886
840,43849
841,43609
842,43607
843,43580
844,43509
845,43363
846,43341
847,43330
848,43328
849,43286
850,43250
851,43167
852,43116
853,43092
854,43074
855,43060
856,43023
857,42970
858,42935
859,42907
860,42907
861,42895
862,42889
863,42774
864,42757
865,42635
866,42544
867,42448
868,42443
869,42419
870,42284
871,42214
872,42181
873,42150
874,41889
875,41778
876,41776
877,41757
878,41752
879,41734
880,41705
881,41679
882,41664
883,41627
884,41512
885,41398
886,41301
887,41301
888,41190
889,41108
890,41026
891,41002
892,40999
893,40963
894,40956
895,40922
896,40921
897,40921
898,40918
899,40915
900,40836
901,40768
902,40727
903,40714
904,40664
905,40641
906,40612
907,40590
908,40584
909,40566
910,40481
911,40435
912,40388
913,40383
914,40379
915,40361
916,40351
917,40347
918,40342
919,40275
920,40249
921,40167
922,40059
923,40059
924,40021
925,39860
926,39834
927,39823
928,39795
929,39791
930,39765
931,39650
932,39605
933,39551
934,39508
935,39458
936,39428
937,39414
938,39412
939,39398
940,39389
941,39383
942,39375
943,39331
944,39325
945,39309
946,39296
947,39172
948,39167
949,39083
950,39056
951,38877
952,38863
953,38816
954,38722
955,38696
956,38661
957,38632
958,38623
959,38609
960,38606
961,38510
962,38448
963,38355
964,38290
965,38241
966,38194
967,38142
968,38071
969,38027
970,38015
971,37999
972,37839
973,37792
974,37733
975,37711
976,37670
977,37659
978,37647
979,37610
980,37587
981,37530
982,37499
983,37498
984,37490
985,37442
986,37385
987,37366
988,37313
989,37240
990,37213
991,37199
992,37165
993,37159
994,37130
995,37101
996,37093
997,37064
998,36956
999,36888
1000,36877
